-- Them thong tin vao bang nguoi dung.
INSERT INTO users (username, password, email, full_name, date_of_birth) VALUES
('user1', 'password123', 'user1@example.com', 'Nguyen Van A', '1990-01-01'),
('user2', 'securepass', 'user2@example.com', 'Tran Thi B', '1985-05-15'),
('user3', 'pass1234', 'user3@example.com', 'Le Hoang C', '1992-11-20'),
('user4', 'strongpass', 'user4@example.com', 'Pham Thu D', '1988-03-10'),
('user5', 'pass5678', 'user5@example.com', 'Vo Minh E', '1995-07-25'),
('user6', 'pass9876', 'user6@example.com', 'Hoang Gia F', '1987-12-05'),
('user7', 'pass4321', 'user7@example.com', 'Doan Ngoc G', '1991-09-18'),
('user8', 'pass8765', 'user8@example.com', 'Bui Thanh H', '1989-06-30'),
('user9', 'pass1122', 'user9@example.com', 'Truong My I', '1993-02-12'),
('user10', 'pass3344', 'user10@example.com', 'Dang Van K', '1986-08-22'),
('user11', 'pass5566', 'user11@example.com', 'Ly Thi L', '1994-04-08'),
('user12', 'pass7788', 'user12@example.com', 'Vu Duc M', '1990-10-28'),
('user13', 'pass9900', 'user13@example.com', 'Phan Kim N', '1987-01-15'),
('user14', 'pass2233', 'user14@example.com', 'Ha Xuan O', '1992-05-03'),
('user15', 'pass4455', 'user15@example.com', 'Cao Thuy P', '1988-11-19'),
('user16', 'pass6677', 'user16@example.com', 'Dinh Quang Q', '1995-03-07'),
('user17', 'pass8899', 'user17@example.com', 'Lam Bao R', '1989-09-24'),
('user18', 'pass1212', 'user18@example.com', 'Mai Anh S', '1991-07-11'),
('user19', 'pass3434', 'user19@example.com', 'Ngo Thanh T', '1993-12-29'),
('user20', 'pass5656', 'user20@example.com', 'Quach Hong U', '1986-04-16'),
('user21', 'pass7878', 'user21@example.com', 'Son Tung V', '1994-08-02'),
('user22', 'pass9090', 'user22@example.com', 'Thai Binh W', '1990-02-27'),
('user23', 'pass2323', 'user23@example.com', 'Uyen Chi X', '1987-06-14'),
('user24', 'pass4545', 'user24@example.com', 'Vinh Duc Y', '1992-10-01'),
('user25', 'pass6767', 'user25@example.com', 'Xuan Mai Z', '1988-01-20'),
('user26', 'pass8989', 'user26@example.com', 'Yen Nhi A1', '1995-05-08'),
('user27', 'pass0101', 'user27@example.com', 'An Phu B1', '1989-11-25'),
('user28', 'pass2424', 'user28@example.com', 'Binh Quan C1', '1991-03-13'),
('user29', 'pass4646', 'user29@example.com', 'Chau Ri D1', '1993-09-30'),
('user30', 'pass6868', 'user30@example.com', 'Diem Son E1', '1986-07-17');

-- Them thong tin vao bang tai khoan.
INSERT INTO accounts (user_id, account_name, bank_name, account_number, balance) VALUES
(1, 'Saving Account', 'Vietcombank', '1234567890', 5000000),
(2, 'Checking Account', 'Techcombank', '0987654321', 10000000),
(3, 'Salary Account', 'BIDV', '1122334455', 2500000),
(4, 'Investment Account', 'ACB', '6677889900', 7500000),
(5, 'Personal Account', 'Agribank', '5544332211', 3000000),
(6, 'Business Account', 'VPBank', '9988776655', 15000000),
(7, 'Joint Account', 'MBBank', '4455667788', 6000000),
(8, 'Travel Account', 'Sacombank', '8899001122', 4000000),
(9, 'Education Account', 'Shinhan Bank', '2211009988', 8000000),
(10, 'Home Account', 'Eximbank', '7766554433', 12000000),
(11, 'Saving Account 2', 'VietinBank', '3344556677', 5500000),
(12, 'Checking Account 2', 'TPBank', '1122998877', 9000000),
(13, 'Salary Account 2', 'OceanBank', '6655443322', 2800000),
(14, 'Investment Account 2', 'LienVietPostBank', '9900112233', 7000000),
(15, 'Personal Account 2', 'MSB', '4433221100', 3500000),
(16, 'Business Account 2', 'Bac A Bank', '8877665544', 16000000),
(17, 'Joint Account 2', 'GPBank', '2233445566', 6500000),
(18, 'Travel Account 2', 'DongA Bank', '7788990011', 4500000),
(19, 'Education Account 2', 'PVcomBank', '3322110099', 8500000),
(20, 'Home Account 2', 'KienLongBank', '5566778899', 11000000),
(21, 'Saving Account 3', 'Nam A Bank', '1100998877', 5200000),
(22, 'Checking Account 3', 'NCB', '6677889911', 9500000),
(23, 'Salary Account 3', 'SeABank', '2233445577', 2600000),
(24, 'Investment Account 3', 'VRB', '8899001133', 7200000),
(25, 'Personal Account 3', 'ABBANK', '4455667799', 3200000),
(26, 'Business Account 3', 'PG Bank', '9900112244', 14000000),
(27, 'Joint Account 3', 'BaoVietBank', '5566778800', 6200000),
(28, 'Travel Account 3', 'CBBank', '1122334466', 4200000),
(29, 'Education Account 3', 'PublicBankVN', '7788990022', 8200000),
(30, 'Home Account 3', 'HongLeongBank', '3344556688', 11500000);

-- Them du lieu bang transactions
INSERT INTO transactions (user_id, transaction_date, description, amount, category, account_id) VALUES
(1, '2023-10-26', 'Grocery shopping', -150000, 'Food', 1),
(2, '2023-10-26', 'Salary deposit', 1000000, 'Income', 2),
(3, '2023-10-25', 'Online purchase', -500000, 'Shopping', 3),
(4, '2023-10-25', 'Investment return', 2000000, 'Investment', 4),
(5, '2023-10-24', 'Utility bill', -300000, 'Bills', 5),
(6, '2023-10-24', 'Business payment', 5000000, 'Business', 6),
(7, '2023-10-23', 'Rent payment', -2000000, 'Housing', 7),
(8, '2023-10-23', 'Travel expenses', -1000000, 'Travel', 8),
(9, '2023-10-22', 'Tuition fee', -1500000, 'Education', 9),
(10, '2023-10-22', 'Home repair', -800000, 'Home', 10),
(11, '2023-10-21', 'Savings transfer', -500000, 'Savings', 11),
(12, '2023-10-21', 'ATM withdrawal', -200000, 'Cash', 12),
(13, '2023-10-20', 'Online subscription', -100000, 'Subscriptions', 13),
(14, '2023-10-20', 'Dividend payment', 300000, 'Investment', 14),
(15, '2023-10-19', 'Personal expenses', -400000, 'Personal', 15),
(16, '2023-10-19', 'Business income', 2500000, 'Business', 16),
(17, '2023-10-18', 'Joint expense', -600000, 'Shared', 17),
(18, '2023-10-18', 'Travel booking', -1200000, 'Travel', 18),
(19, '2023-10-17', 'Education supplies', -700000, 'Education', 19),
(20, '2023-10-17', 'Home improvement', -1500000, 'Home', 20),
(21, '2023-10-16', 'Saving interest', 100000, 'Savings', 21),
(22, '2023-10-16', 'Cash deposit', 500000, 'Cash', 22),
(23, '2023-10-15', 'Streaming service', -80000, 'Subscriptions', 23),
(24, '2023-10-15', 'Stock sale', 800000, 'Investment', 24),
(25, '2023-10-14', 'Gift purchase', -200000, 'Personal', 25),
(26, '2023-10-14', 'Business expense', -3000000, 'Business', 26),
(27, '2023-10-13', 'Shared meal', -250000, 'Shared', 27),
(28, '2023-10-13', 'Flight ticket', -1800000, 'Travel', 28),
(29, '2023-10-12', 'School books', -600000, 'Education', 29),
(30, '2023-10-12', 'Furniture purchase', -2000000, 'Home', 30);
-- them du lieu bang investments
INSERT INTO investments (user_id, investment_name, investment_type, initial_investment, current_value, purchase_date) VALUES
(1, 'Stock A', 'Stocks', 5000000, 6000000, '2023-01-15'),
(2, 'Bond B', 'Bonds', 10000000, 10500000, '2023-02-20'),
(3, 'Mutual Fund C', 'Mutual Funds', 2500000, 3000000, '2023-03-25'),
(4, 'Real Estate D', 'Real Estate', 7500000, 8000000, '2023-04-30'),
(5, 'Gold E', 'Commodities', 3000000, 3200000, '2023-05-05'),
(6, 'Stock F', 'Stocks', 15000000, 16000000, '2023-06-10'),
(7, 'Bond G', 'Bonds', 6000000, 6200000, '2023-07-15'),
(8, 'Mutual Fund H', 'Mutual Funds', 4000000, 4300000, '2023-08-20'),
(9, 'Real Estate I', 'Real Estate', 8000000, 8500000, '2023-09-25'),
(10, 'Gold J', 'Commodities', 12000000, 12500000, '2023-10-30'),
(11, 'Stock K', 'Stocks', 5500000, 6500000, '2023-01-20'),
(12, 'Bond L', 'Bonds', 9000000, 9300000, '2023-02-25'),
(13, 'Mutual Fund M', 'Mutual Funds', 2800000, 3300000, '2023-03-30'),
(14, 'Real Estate N', 'Real Estate', 7000000, 7800000, '2023-04-05'),
(15, 'Gold O', 'Commodities', 3500000, 3600000, '2023-05-10'),
(16, 'Stock P', 'Stocks', 16000000, 17500000, '2023-06-15'),
(17, 'Bond Q', 'Bonds', 6500000, 6700000, '2023-07-20'),
(18, 'Mutual Fund R', 'Mutual Funds', 4500000, 4800000, '2023-08-25'),
(19, 'Real Estate S', 'Real Estate', 8500000, 9000000, '2023-09-30'),
(20, 'Gold T', 'Commodities', 11000000, 11800000, '2023-10-21'),
(21, 'Tech Stock U', 'Stocks', 7000000, 8200000, '2023-11-01'),
(22, 'Government Bond V', 'Bonds', 15000000, 15800000, '2023-11-05'),
(23, 'Index Fund W', 'Mutual Funds', 3200000, 3700000, '2023-11-10'),
(24, 'Commercial Property X', 'Real Estate', 9000000, 9600000, '2023-11-15'),
(25, 'Silver Y', 'Commodities', 4000000, 4300000, '2023-11-20'),
(26, 'Pharma Stock Z', 'Stocks', 18000000, 19500000, '2023-11-25'),
(27, 'Corporate Bond A1', 'Bonds', 7500000, 7900000, '2023-11-30'),
(28, 'Balanced Fund B1', 'Mutual Funds', 5000000, 5400000, '2023-12-05'),
(29, 'Land Plot C1', 'Real Estate', 9500000, 10200000, '2023-12-10'),
(30, 'Platinum D1', 'Commodities', 13000000, 13700000, '2023-12-15');
-- Them du lieu bang  budget
INSERT INTO budget (user_id, month_year, category, allocated_amount, spent_amount) VALUES
(1, '2023-10-01', 'Food', 2000000, 1500000),
(2, '2023-10-01', 'Income', 10000000, 10000000),
(3, '2023-10-01', 'Shopping', 1000000, 500000),
(4, '2023-10-01', 'Investment', 3000000, 2000000),
(5, '2023-10-01', 'Bills', 1000000, 300000),
(6, '2023-10-01', 'Business', 15000000, 5000000),
(7, '2023-10-01', 'Housing', 5000000, 2000000),
(8, '2023-10-01', 'Travel', 3000000, 1000000),
(9, '2023-10-01', 'Education', 2000000, 1500000),
(10, '2023-10-01', 'Home', 2500000, 800000),
(11, '2023-10-01', 'Savings', 1500000, 500000),
(12, '2023-10-01', 'Cash', 1000000, 200000),
(13, '2023-10-01', 'Subscriptions', 500000, 100000),
(14, '2023-10-01', 'Investment', 3000000, 300000),
(15, '2023-10-01', 'Personal', 1000000, 400000),
(16, '2023-10-01', 'Business', 15000000, 2500000),
(17, '2023-10-01', 'Shared', 1000000, 600000),
(18, '2023-10-01', 'Travel', 3000000, 1200000),
(19, '2023-10-01', 'Education', 2000000, 700000),
(20, '2023-10-01', 'Home', 2500000, 1500000),
(21, '2023-10-01', 'Savings', 1500000, 100000),
(22, '2023-10-01', 'Cash', 1000000, 500000),
(23, '2023-10-01', 'Subscriptions', 500000, 80000),
(24, '2023-10-01', 'Investment', 3000000, 800000),
(25, '2023-10-01', 'Personal', 1000000, 200000),
(26, '2023-10-01', 'Business', 15000000, 3000000),
(27, '2023-10-01', 'Shared', 1000000, 250000),
(28, '2023-10-01', 'Travel', 3000000, 1800000),
(29, '2023-10-01', 'Education', 2000000, 600000),
(30, '2023-10-01', 'Home', 2500000, 2000000);
-- Them du lieu vao bang loans
INSERT INTO loans (user_id, lender, loan_amount, interest_rate, start_date, due_date, status) VALUES
(1, 'Bank A', 10000000, 5.0, '2023-01-01', '2024-01-01', 'Active'),
(2, 'Bank B', 20000000, 6.0, '2023-02-01', '2025-02-01', 'Active'),
(3, 'Bank C', 5000000, 4.5, '2023-03-01', '2024-03-01', 'Paid'),
(4, 'Bank D', 15000000, 5.5, '2023-04-01', '2025-04-01', 'Active'),
(5, 'Bank E', 8000000, 4.0, '2023-05-01', '2024-05-01', 'Active'),
(6, 'Bank F', 25000000, 6.5, '2023-06-01', '2026-06-01', 'Active'),
(7, 'Bank G', 12000000, 5.0, '2023-07-01', '2025-07-01', 'Active'),
(8, 'Bank H', 18000000, 5.8, '2023-08-01', '2026-08-01', 'Active'),
(9, 'Bank I', 7000000, 4.2, '2023-09-01', '2024-09-01', 'Paid'),
(10, 'Bank J', 22000000, 6.2, '2023-10-01', '2027-10-01', 'Active'),
(11, 'Bank K', 11000000, 5.2, '2023-01-15', '2024-01-15', 'Active'),
(12, 'Bank L', 19000000, 6.1, '2023-02-15', '2025-02-15', 'Active'),
(13, 'Bank M', 6000000, 4.6, '2023-03-15', '2024-03-15', 'Paid'),
(14, 'Bank N', 16000000, 5.6, '2023-04-15', '2025-04-15', 'Active'),
(15, 'Bank O', 9000000, 4.1, '2023-05-15', '2024-05-15', 'Active'),
(16, 'Bank P', 26000000, 6.6, '2023-06-15', '2026-06-15', 'Active'),
(17, 'Bank Q', 13000000, 5.1, '2023-07-15', '2025-07-15', 'Active'),
(18, 'Bank R', 20000000, 5.9, '2023-08-15', '2026-08-15', 'Active'),
(19, 'Bank S', 7500000, 4.3, '2023-09-15', '2024-09-15', 'Paid'),
(20, 'Bank T', 23000000, 6.3, '2023-10-15', '2027-10-15', 'Active'),
(21, 'Bank U', 11500000, 5.3, '2023-01-20', '2024-01-20', 'Active'),
(22, 'Bank V', 19500000, 6.2, '2023-02-20', '2025-02-20', 'Active'),
(23, 'Bank W', 6500000, 4.7, '2023-03-20', '2024-03-20', 'Paid'),
(24, 'Bank X', 16500000, 5.7, '2023-04-20', '2025-04-20', 'Active'),
(25, 'Bank Y', 9500000, 4.2, '2023-05-20', '2024-05-20', 'Active'),
(26, 'Bank Z', 26500000, 6.7, '2023-06-20', '2026-06-20', 'Active'),
(27, 'Bank A1', 13500000, 5.2, '2023-07-20', '2025-07-20', 'Active'),
(28, 'Bank B1', 20500000, 6.0, '2023-08-20', '2026-08-20', 'Active'),
(29, 'Bank C1', 8000000, 4.4, '2023-09-20', '2024-09-20', 'Paid'),
(30, 'Bank D1', 24000000, 6.4, '2023-10-20', '2027-10-20', 'Active');
